City_ID,City,Country,Lat,Lng,Max Temp,Humidity,Cloudiness,Wind Speed,Current Description
0,Yaan,NG,7.3833,8.5667,70.65,75,90,4.94,overcast clouds
1,Punta Arenas,CL,-53.15,-70.9167,48.31,66,0,12.66,clear sky
2,Cape Town,ZA,-33.9258,18.4232,64.38,68,0,14.97,clear sky
3,Ulkan,RU,57.243,107.3223,31.5,84,96,11.07,overcast clouds
4,Westport,US,41.1415,-73.3579,43.75,70,0,10.36,clear sky
5,Pathein,MM,16.7833,94.7333,83.32,62,100,8.97,overcast clouds
6,Santa Rosa,PH,14.3122,121.1114,90.09,69,79,12.35,broken clouds
7,Jamestown,US,42.097,-79.2353,33.39,65,100,11.5,overcast clouds
8,Kavieng,PG,-2.5744,150.7967,84.65,70,89,8.05,light rain
9,Ketchikan,US,55.3422,-131.6461,41.47,93,0,6.91,clear sky
10,Misawa,JP,40.6836,141.3597,45.61,49,78,15.43,broken clouds
11,Ampanihy,MG,-24.7,44.75,71.15,60,0,3.15,clear sky
12,Slave Lake,CA,55.2834,-114.769,13.98,73,75,10.36,broken clouds
13,Vilhena,BR,-12.7406,-60.1458,71.37,69,86,1.66,overcast clouds
14,Arraial Do Cabo,BR,-22.9661,-42.0278,71.46,75,71,12.88,broken clouds
15,El Alto,PE,-4.2714,-81.2147,65.01,80,94,16.02,overcast clouds
16,Bredasdorp,ZA,-34.5322,20.0403,55.26,72,100,3.22,overcast clouds
17,Ribeira Grande,PT,38.5167,-28.7,62.78,64,56,5.99,broken clouds
18,Thompson,CA,55.7435,-97.8558,14.16,85,100,13.8,light snow
19,Sitka,US,57.0531,-135.33,46.29,76,0,4.61,clear sky
20,Bengkulu,ID,-3.8004,102.2655,79.34,78,100,7.38,light rain
21,Kendari,ID,-3.945,122.4989,86.61,63,100,7.0,overcast clouds
22,Saint George,US,37.1041,-113.5841,46.99,42,0,4.61,clear sky
23,Mataura,NZ,-46.1927,168.8643,64.22,79,99,3.91,light rain
24,Hearst,CA,49.6835,-83.6665,14.25,96,100,2.75,overcast clouds
25,Ponta Do Sol,PT,32.6667,-17.1,69.71,84,87,6.62,overcast clouds
26,New Norfolk,AU,-42.7826,147.0587,59.92,46,100,3.0,overcast clouds
27,San Patricio,US,28.017,-97.5169,52.84,60,100,6.64,overcast clouds
28,Canutama,BR,-6.5339,-64.3831,74.77,88,68,1.52,broken clouds
29,Saint-Philippe,RE,-21.3585,55.7679,74.79,67,22,5.55,few clouds
30,Guaimaro,CU,21.05,-77.35,73.31,95,6,6.35,clear sky
31,Alice Town,BS,25.7167,-79.3,78.98,74,17,6.13,few clouds
32,Nemuro,JP,43.3236,145.575,42.69,58,58,9.55,broken clouds
33,Constitucion,CL,-35.3333,-72.4167,56.66,83,21,12.26,few clouds
34,Atuona,PF,-9.8,-139.0333,78.46,76,9,16.64,clear sky
35,Hofn,IS,64.2539,-15.2082,46.8,89,100,26.17,overcast clouds
36,Chuy,UY,-33.6971,-53.4616,59.68,84,1,4.16,clear sky
37,Cidreira,BR,-30.1811,-50.2056,65.43,64,0,4.61,clear sky
38,Coihaique,CL,-45.5752,-72.0662,51.75,82,91,8.05,light rain
39,Castro,BR,-24.7911,-50.0119,53.91,83,0,6.78,clear sky
40,Tahlequah,US,35.9154,-94.97,29.48,80,0,0.0,clear sky
41,Ferme-Neuve,CA,46.7001,-75.4493,25.81,96,95,2.75,overcast clouds
42,Albany,US,42.6001,-73.9662,37.38,90,56,5.59,broken clouds
43,Rikitea,PF,-23.1203,-134.9692,73.76,91,100,22.32,heavy intensity rain
44,San Cristobal,VE,7.7669,-72.225,66.38,98,100,1.59,overcast clouds
45,Hermanus,ZA,-34.4187,19.2345,57.52,72,99,5.06,overcast clouds
46,Souillac,MU,-20.5167,57.5167,70.18,78,40,2.3,scattered clouds
47,Bambous Virieux,MU,-20.3428,57.7575,76.21,78,40,2.3,scattered clouds
48,Codrington,AU,-38.2667,141.9667,58.66,68,72,11.16,broken clouds
49,Hithadhoo,MV,-0.6,73.0833,81.09,78,73,11.43,broken clouds
50,Gorin,RU,51.1983,136.6669,26.01,58,48,4.81,scattered clouds
51,Hobyo,SO,5.3505,48.5268,81.34,71,51,12.5,light rain
52,Sar-E Pul,AF,35.8333,66.1667,44.92,29,93,6.6,overcast clouds
53,Bermejo,AR,-32.8833,-68.8,82.31,34,20,12.66,few clouds
54,Yellowknife,CA,62.456,-114.3525,5.56,92,75,4.61,light snow
55,Wanning,CN,18.8003,110.3967,81.61,78,27,8.48,scattered clouds
56,Siguatepeque,HN,14.6,-87.8333,61.75,99,45,3.38,scattered clouds
57,Bumbuna,SL,9.05,-11.7333,69.22,85,78,1.68,broken clouds
58,Arlit,NE,18.7369,7.3853,64.58,23,24,4.79,few clouds
59,Wamba,NG,8.9333,8.6,69.6,40,23,3.04,few clouds
60,Karasjok,NO,69.4719,25.5112,7.68,77,16,1.95,few clouds
61,Sakaraha,MG,-22.9,44.5333,71.08,73,0,1.21,clear sky
62,Puerto Escondido,MX,15.85,-97.0667,78.49,76,98,4.23,overcast clouds
63,Iqaluit,CA,63.7506,-68.5145,8.33,85,100,6.91,light snow
64,Kruisfontein,ZA,-34.0033,24.7314,56.88,74,96,6.13,overcast clouds
65,Yarada,IN,17.65,83.2667,80.92,54,0,10.36,haze
66,Gwadar,PK,25.1216,62.3254,78.57,64,6,4.45,clear sky
67,Dikson,RU,73.5069,80.5464,1.4,92,100,20.56,overcast clouds
68,Faya,SA,18.3851,42.4509,52.32,51,4,1.86,clear sky
69,Olafsvik,IS,64.8945,-23.7142,44.11,79,86,19.24,light rain
70,Hobart,AU,-42.8794,147.3294,61.27,67,20,19.57,few clouds
71,Olkhovka,RU,53.2115,60.6069,15.8,94,70,1.14,broken clouds
72,Ilulissat,GL,69.2167,-51.1,5.68,84,100,4.03,overcast clouds
73,Zhuanghe,CN,39.7008,122.9911,55.89,71,0,7.09,clear sky
74,Leningradskiy,RU,69.3833,178.4167,5.2,94,100,2.86,overcast clouds
75,Ancud,CL,-41.8697,-73.8203,53.73,93,47,6.67,scattered clouds
76,Busselton,AU,-33.65,115.3333,63.07,53,85,21.7,overcast clouds
77,Thinadhoo,MV,0.5333,72.9333,81.32,71,94,11.21,overcast clouds
78,Mahebourg,MU,-20.4081,57.7,76.24,78,40,2.3,scattered clouds
79,Christchurch,NZ,-43.5333,172.6333,69.42,75,75,10.36,broken clouds
80,Vaini,TO,-21.2,-175.2,78.96,83,75,3.44,broken clouds
81,Georgetown,MY,5.4112,100.3354,84.15,84,20,5.75,few clouds
82,Tiksi,RU,71.6872,128.8694,-18.69,99,97,3.51,overcast clouds
83,Tuktoyaktuk,CA,69.4541,-133.0374,14.0,73,20,12.66,few clouds
84,Cap-Chat,CA,49.1001,-66.6821,28.4,93,100,16.11,snow
85,Feijo,BR,-8.1642,-70.3536,72.07,99,96,2.13,overcast clouds
86,Progreso,MX,21.2833,-89.6667,78.37,81,92,12.55,light rain
87,Tipuani,BO,-15.5648,-68.0185,71.6,79,83,3.06,broken clouds
88,Severo-Kurilsk,RU,50.6789,156.125,35.1,64,97,6.49,overcast clouds
89,Chokurdakh,RU,70.6333,147.9167,-20.18,99,90,5.41,overcast clouds
90,Khatanga,RU,71.9667,102.5,-33.41,100,94,5.35,overcast clouds
91,Americus,US,32.0724,-84.2327,47.79,66,75,5.75,broken clouds
92,Bluff,NZ,-46.6,168.3333,54.73,90,99,14.32,overcast clouds
93,Carnarvon,AU,-24.8667,113.6333,69.67,51,67,18.72,broken clouds
94,Hornepayne,CA,49.2138,-84.7705,15.08,91,100,3.38,overcast clouds
95,Provideniya,RU,64.3833,-173.3,35.71,87,100,18.01,light intensity shower rain
96,Zyryanka,RU,65.75,150.85,-8.54,98,100,9.4,light snow
97,Salalah,OM,17.0151,54.0924,77.13,62,3,2.17,clear sky
98,Srandakan,ID,-7.9386,110.2506,85.82,69,46,6.89,scattered clouds
99,Lagoa,PT,39.05,-27.9833,60.69,68,100,20.4,overcast clouds
100,Fortuna,US,40.5982,-124.1573,45.52,100,0,5.75,clear sky
101,Longyearbyen,SJ,78.2186,15.6401,21.04,68,20,8.05,few clouds
102,Sagae,JP,38.3725,140.2725,51.78,62,75,6.91,broken clouds
103,Inhambupe,BR,-11.7844,-38.3531,69.93,98,66,4.9,broken clouds
104,Saskylakh,RU,71.9167,114.0833,-26.84,99,100,4.45,overcast clouds
105,Irara,BR,-12.05,-38.7667,68.67,98,74,3.18,broken clouds
106,Vostok,RU,46.4856,135.8833,27.99,67,94,3.85,overcast clouds
107,Nikolskoye,RU,59.7035,30.7861,33.8,97,98,6.82,light snow
108,Margate,GB,51.3813,1.3862,52.7,97,100,4.0,overcast clouds
109,Ushuaia,AR,-54.8,-68.3,53.26,43,75,8.05,broken clouds
110,Mecca,SA,21.4267,39.8261,76.71,72,69,3.18,broken clouds
111,Pucara,PE,-15.9803,-71.4606,33.93,50,100,3.44,overcast clouds
112,Rio Gallegos,AR,-51.6226,-69.2181,50.05,62,0,27.63,clear sky
113,Upernavik,GL,72.7868,-56.1549,10.38,94,99,13.96,overcast clouds
114,Luderitz,NA,-26.6481,15.1594,58.59,83,10,11.63,clear sky
115,Toktogul,KG,41.8708,72.9402,34.09,71,68,2.35,broken clouds
116,Corn Island,NI,12.1694,-83.0418,82.94,78,98,17.22,overcast clouds
117,Tasiilaq,GL,65.6145,-37.6368,33.69,94,100,17.9,light snow
118,Hasaki,JP,35.7333,140.8333,63.28,59,94,15.39,overcast clouds
119,Husavik,IS,66.0449,-17.3389,44.71,76,100,20.51,overcast clouds
120,Port Alfred,ZA,-33.5906,26.891,62.19,93,96,1.99,overcast clouds
121,Hirara,JP,24.8,125.2833,79.07,83,75,17.27,broken clouds
122,Saint-Louis,SN,16.3333,-15.0,74.84,43,81,1.5,broken clouds
123,Milton,US,34.1322,-84.3007,39.88,77,23,1.01,few clouds
124,Barrow,US,71.2906,-156.7887,27.03,75,83,16.15,broken clouds
125,Cabedelo,BR,-6.9811,-34.8339,77.67,80,6,7.87,clear sky
126,Butaritari,KI,3.0707,172.7902,81.46,73,61,15.17,broken clouds
127,Makakilo City,US,21.3469,-158.0858,78.57,65,20,6.91,few clouds
128,Port Blair,IN,11.6667,92.75,80.64,83,75,2.3,broken clouds
129,Mehamn,NO,71.0357,27.8492,42.75,70,75,14.97,broken clouds
130,Sagua La Grande,CU,22.8067,-80.0756,75.69,84,5,5.61,moderate rain
131,Hilo,US,19.7297,-155.09,75.11,91,100,6.91,moderate rain
132,Puerto Ayora,EC,-0.7393,-90.3518,68.56,93,92,8.01,overcast clouds
133,Te Anau,NZ,-45.4167,167.7167,57.85,92,100,3.11,overcast clouds
134,Coahuayana,MX,18.7333,-103.6833,74.7,88,0,3.04,clear sky
135,Lima,PE,-12.0432,-77.0282,62.91,85,20,16.11,few clouds
136,East London,ZA,-33.0153,27.9116,65.34,94,40,4.61,scattered clouds
137,Goba,ET,7.0167,39.9833,45.86,68,1,3.62,clear sky
138,Cherskiy,RU,68.75,161.3,1.2,97,100,3.09,light snow
139,Victoria Point,AU,-27.5833,153.3,80.44,37,39,4.0,scattered clouds
140,Kahului,US,20.8947,-156.47,80.62,70,40,17.27,scattered clouds
141,Thomasville,US,35.8826,-80.082,39.74,84,36,7.29,scattered clouds
142,Paamiut,GL,61.994,-49.6678,12.69,79,63,8.55,broken clouds
143,Vaitape,PF,-16.5167,-151.75,79.86,71,98,1.14,overcast clouds
144,Lebu,CL,-37.6167,-73.65,55.81,94,71,8.12,broken clouds
145,Tyukhtet,RU,56.5389,89.3011,24.58,80,100,13.27,overcast clouds
146,Pevek,RU,69.7008,170.3133,-0.29,98,98,7.07,overcast clouds
147,Codajas,BR,-3.8367,-62.0569,73.62,96,95,1.66,overcast clouds
148,Itoman,JP,26.1247,127.6694,78.82,73,75,12.66,broken clouds
149,Qaanaaq,GL,77.484,-69.3632,-6.9,83,100,5.39,overcast clouds
150,Sur,OM,22.5667,59.5289,78.84,65,6,4.18,clear sky
151,Jumla,NP,29.2747,82.1838,52.41,31,1,2.93,clear sky
152,Roald,NO,62.5833,6.1333,51.94,30,20,20.71,few clouds
153,Isangel,VU,-19.55,169.2667,83.01,68,94,8.59,overcast clouds
154,Mount Gambier,AU,-37.8333,140.7667,60.49,57,90,7.23,overcast clouds
155,Kapaa,US,22.0752,-159.319,77.32,74,40,12.66,scattered clouds
156,Aktau,KZ,43.65,51.2,45.18,59,100,22.95,overcast clouds
157,Tautira,PF,-17.7333,-149.15,77.7,78,79,5.84,broken clouds
158,Laguna,US,38.421,-121.4238,55.31,70,0,4.61,clear sky
159,Bathsheba,BB,13.2167,-59.5167,79.63,80,64,16.37,broken clouds
160,La Esperanza,GT,14.8667,-91.5667,53.08,97,88,7.07,overcast clouds
161,Victoria,HK,22.2855,114.1577,80.96,81,55,8.01,broken clouds
162,Piacabucu,BR,-10.4056,-36.4344,75.52,87,17,8.5,few clouds
163,Udachnyy,RU,66.4167,112.4,-15.99,99,98,3.51,overcast clouds
164,Eureka,US,40.8021,-124.1637,45.79,95,21,4.12,few clouds
165,Khash,IR,28.2211,61.2158,58.21,31,0,1.81,clear sky
166,Kodiak,US,57.79,-152.4072,42.85,95,100,14.03,overcast clouds
167,Dayong,CN,25.0209,118.2898,84.07,53,22,1.12,few clouds
168,Avarua,CK,-21.2078,-159.775,77.05,69,71,14.97,broken clouds
169,Belyy Yar,RU,53.6039,91.3903,27.86,60,0,17.9,clear sky
170,Todos Santos,MX,23.45,-110.2167,73.65,69,51,5.26,broken clouds
171,Fort Dodge,US,42.4975,-94.168,19.54,86,100,8.05,overcast clouds
172,Herat,AF,34.5,62.0,52.43,31,75,6.53,broken clouds
173,Port-Cartier,CA,50.0334,-66.8654,25.02,96,100,16.13,snow
174,Springfield,US,37.2153,-93.2982,26.46,73,0,5.75,clear sky
175,Chara,RU,56.9064,118.2631,17.28,84,100,0.78,overcast clouds
176,Humaita,BR,-7.5061,-63.0208,73.99,94,97,1.36,overcast clouds
177,Katsuura,JP,35.1333,140.3,61.02,67,96,15.82,overcast clouds
178,Vao,NC,-22.6667,167.4833,76.8,81,94,10.78,overcast clouds
179,Ahipara,NZ,-35.1667,173.1667,66.85,80,100,8.99,light rain
180,Altay,CN,47.8667,88.1167,25.95,51,98,6.06,overcast clouds
181,Nazilli,TR,37.9163,28.3223,50.11,87,22,2.62,few clouds
182,Northam,GB,51.0333,-4.2167,50.4,91,100,19.19,light rain
183,Bergen,NO,60.392,5.328,41.41,48,0,3.44,clear sky
184,Dekernes,EG,31.0876,31.595,57.33,80,0,5.21,clear sky
185,Bethel,US,41.3712,-73.414,41.31,74,94,1.01,overcast clouds
186,Lasa,IT,46.6166,10.7002,36.01,76,73,2.1,broken clouds
187,Yumen,CN,40.2833,97.2,41.22,24,15,22.86,few clouds
188,Brownwood,US,31.7093,-98.9912,47.52,74,99,3.98,overcast clouds
189,Mogadishu,SO,2.0371,45.3438,80.47,94,40,9.22,scattered clouds
190,Colares,PT,38.7992,-9.4469,65.75,98,100,18.01,overcast clouds
191,Neuquen,AR,-38.9516,-68.0591,66.09,68,0,2.3,clear sky
192,Cabo San Lucas,MX,22.8909,-109.9124,71.62,73,58,3.02,broken clouds
193,Anadyr,RU,64.75,177.4833,30.7,93,40,4.47,scattered clouds
194,Geraldton,AU,-28.7667,114.6,66.61,59,75,17.27,broken clouds
195,Hokitika,NZ,-42.7167,170.9667,68.04,55,100,4.56,overcast clouds
196,Mar Del Plata,AR,-38.0023,-57.5575,66.22,82,0,6.91,clear sky
197,Lata,PT,40.1629,-8.3327,63.07,97,100,11.97,overcast clouds
198,Havre-Saint-Pierre,CA,50.2334,-63.5986,26.6,93,100,13.8,light snow
199,Dingle,PH,10.9995,122.6711,85.39,71,62,11.34,broken clouds
200,Esperance,AU,-33.8667,121.9,65.12,73,25,22.57,scattered clouds
201,Kangaatsiaq,GL,68.3065,-53.4641,22.03,79,100,8.97,overcast clouds
202,Port Macquarie,AU,-31.4333,152.9167,70.9,46,25,15.64,scattered clouds
203,Cascais,PT,38.6979,-9.4215,65.93,99,100,18.01,overcast clouds
204,Klaksvik,FO,62.2266,-6.589,49.12,90,94,35.23,overcast clouds
205,Aswan,EG,24.0934,32.907,60.1,41,0,5.75,clear sky
206,Sand Springs,US,36.1398,-96.1089,32.58,68,0,1.01,clear sky
207,Xinan,CN,26.72,119.8556,73.67,74,0,0.65,clear sky
208,Taoudenni,ML,22.6783,-3.9836,70.16,19,0,8.57,clear sky
209,Korem,ET,12.5058,39.5228,48.47,50,14,1.36,few clouds
210,Yangjiang,CN,21.85,111.9667,80.13,72,35,9.53,scattered clouds
211,Qui Nhon,VN,13.7667,109.2333,81.66,79,61,8.66,broken clouds
212,Pouebo,NC,-20.4,164.5667,81.14,71,99,2.15,overcast clouds
213,Nuevo Progreso,MX,23.1667,-97.95,52.54,70,100,12.64,overcast clouds
214,Andijon,UZ,40.7821,72.3442,43.88,65,12,5.03,few clouds
215,Ishinomaki,JP,38.4167,141.3,53.6,53,75,9.78,broken clouds
216,Zeerust,ZA,-25.5369,26.0751,70.03,49,20,2.84,few clouds
217,Nouadhibou,MR,20.931,-17.0347,71.58,56,2,13.8,clear sky
218,Bela,IN,25.9333,81.9833,75.74,41,21,6.24,few clouds
219,Shenjiamen,CN,29.9576,122.298,63.73,86,94,14.72,overcast clouds
220,Uttaradit,TH,17.6667,100.5,85.87,57,11,0.89,few clouds
221,Torbay,CA,47.6666,-52.7314,33.58,83,100,2.3,overcast clouds
222,Qarqin,AF,37.4185,66.0436,57.76,40,56,21.65,broken clouds
223,Sindor,RU,62.8629,51.8905,0.46,98,22,3.49,few clouds
224,Winnemucca,US,40.973,-117.7357,21.25,63,0,4.61,clear sky
225,Griffith,US,41.5284,-87.4237,33.12,88,75,11.5,broken clouds
226,Berlevag,NO,70.8578,29.0864,42.8,65,13,17.2,few clouds
227,Moose Factory,CA,51.2585,-80.6094,17.6,86,100,9.22,overcast clouds
228,San Carlos,VE,9.6612,-68.5827,72.88,94,100,3.31,overcast clouds
229,Saint Anthony,US,45.0205,-93.218,22.6,82,100,3.0,overcast clouds
230,Shahjahanpur,IN,27.8833,79.9167,69.51,42,0,10.47,clear sky
231,Chingola,ZM,-12.529,27.8838,60.6,95,60,3.15,broken clouds
232,Meulaboh,ID,4.1363,96.1285,81.0,76,100,6.15,overcast clouds
233,Alofi,NU,-19.0595,-169.9187,82.29,74,75,8.05,broken clouds
234,Xining,CN,36.6167,101.7667,40.39,34,94,2.98,overcast clouds
235,Sioux Lookout,CA,50.1001,-91.917,23.07,86,100,3.44,overcast clouds
236,Hit,IQ,33.6416,42.8251,61.05,81,94,3.13,overcast clouds
237,Flin Flon,CA,54.7682,-101.865,14.7,90,100,13.98,light snow
238,Jaciara,BR,-15.9653,-54.9683,70.66,52,0,0.4,clear sky
239,Pahrump,US,36.2083,-115.9839,46.26,26,0,1.63,clear sky
240,Kulunda,RU,52.566,78.9385,21.31,86,100,13.94,overcast clouds
241,Miles City,US,46.4083,-105.8406,27.57,80,100,21.85,overcast clouds
242,Cody,US,44.5263,-109.0565,26.91,92,100,4.61,mist
243,Port Lincoln,AU,-34.7333,135.8667,63.45,61,1,16.24,clear sky
244,Srednekolymsk,RU,67.45,153.6833,-4.56,99,100,6.26,light snow
245,Rosetta,EG,31.4044,30.4164,63.19,79,2,6.38,light rain
246,Alice Springs,AU,-23.7,133.8833,81.95,36,40,17.27,scattered clouds
247,Fulton,US,33.7668,-84.4499,40.78,72,72,5.99,broken clouds
248,College,US,64.8569,-147.8028,4.06,88,47,3.71,scattered clouds
249,Hamilton,US,39.1834,-84.5333,31.87,75,54,8.99,broken clouds
250,Harper,LR,4.375,-7.7169,76.6,85,19,0.87,few clouds
251,Maneadero,MX,31.7167,-116.5667,58.1,27,0,5.99,clear sky
252,Bonavista,CA,48.6499,-53.1147,34.66,66,99,7.83,overcast clouds
253,Tabas,IR,33.5959,56.9244,52.02,30,66,4.61,broken clouds
254,Vila Velha,BR,-20.3297,-40.2925,71.55,98,75,3.44,broken clouds
255,Muzhi,RU,65.3667,64.6667,-1.86,87,23,6.44,few clouds
256,Great Falls,US,47.5002,-111.3008,25.99,85,100,14.97,overcast clouds
257,Namibe,AO,-15.1961,12.1522,69.15,77,99,4.74,overcast clouds
258,Vallenar,CL,-28.5708,-70.7581,66.16,68,0,1.52,clear sky
259,Fort Nelson,CA,58.8053,-122.7002,11.95,83,0,2.3,clear sky
260,Travesia,HN,15.8667,-87.9,79.09,81,78,3.04,light rain
261,Faanui,PF,-16.4833,-151.75,79.88,71,97,0.98,overcast clouds
262,Yulara,AU,-25.2406,130.9889,86.43,35,23,21.47,few clouds
263,Pisco,PE,-13.7,-76.2167,62.65,82,0,9.22,clear sky
264,Owando,CG,-0.4819,15.8999,69.13,98,100,2.66,overcast clouds
265,Bibiani,GH,6.4635,-2.3194,66.88,97,32,1.79,scattered clouds
266,Maunabo,PR,18.0072,-65.8993,76.89,90,32,9.24,scattered clouds
267,Oarai,JP,36.3167,140.6,63.34,49,79,3.71,broken clouds
268,Zhigansk,RU,66.7697,123.3711,-13.81,87,100,15.55,overcast clouds
269,Zhangjiakou,CN,40.81,114.8794,46.71,39,1,2.39,clear sky
270,Comodoro Rivadavia,AR,-45.8667,-67.5,55.26,58,0,6.91,clear sky
271,Bambanglipuro,ID,-7.95,110.2833,85.73,69,46,6.22,scattered clouds
272,Ulaangom,MN,49.9811,92.0667,30.97,45,92,8.1,overcast clouds
273,Camacha,PT,33.0833,-16.3333,65.62,88,40,8.05,scattered clouds
274,Coquimbo,CL,-29.9533,-71.3436,58.73,94,0,2.3,clear sky
275,Yeppoon,AU,-23.1333,150.7333,87.58,41,88,12.62,overcast clouds
276,Moree,AU,-29.4667,149.85,71.1,23,0,10.63,clear sky
277,Jawhar,SO,2.7809,45.5005,75.99,85,1,5.61,light rain
278,Marshfield,US,44.6689,-90.1718,29.08,93,100,9.22,mist
279,Pacific Grove,US,36.6177,-121.9166,56.44,59,98,3.0,overcast clouds
280,Key Largo,US,25.0865,-80.4473,77.99,74,59,3.76,broken clouds
281,Matay,EG,28.419,30.7792,58.66,57,77,3.11,broken clouds
282,Sao Goncalo Do Amarante,BR,-3.6072,-38.9683,80.13,76,31,6.71,scattered clouds
283,Riyadh,SA,24.6877,46.7219,68.14,30,92,9.01,overcast clouds
284,Vila Franca Do Campo,PT,37.7167,-25.4333,62.2,82,98,9.46,overcast clouds
285,Masallatah,LY,32.6167,14.0,64.8,34,1,14.61,clear sky
286,Laranjeiras Do Sul,BR,-25.4078,-52.4161,53.04,84,0,4.16,clear sky
287,Haren,DE,52.7833,7.2333,47.1,93,100,16.11,heavy intensity rain
288,Lompoc,US,34.6391,-120.4579,55.54,71,0,3.44,clear sky
289,Tuy Hoa,VN,13.0833,109.3,81.59,82,83,9.31,broken clouds
290,Fukue,JP,32.6881,128.8419,64.76,55,75,3.44,broken clouds
291,Clinton,US,42.587,-82.9199,36.01,81,100,4.61,overcast clouds
292,Bago,MM,17.3367,96.4797,84.42,62,66,7.43,broken clouds
293,Punta Alta,AR,-38.8759,-62.0736,61.54,81,53,12.12,broken clouds
294,Ordu,TR,40.9086,37.6845,40.86,73,33,7.45,scattered clouds
295,Saldanha,ZA,-33.0117,17.9442,53.65,77,97,15.55,overcast clouds
296,Pasni,PK,25.2631,63.471,79.3,48,4,9.26,clear sky
297,Vestmannaeyjar,IS,63.4427,-20.2734,47.91,82,89,39.46,overcast clouds
298,Abu Samrah,SY,35.3029,37.1841,55.26,78,100,1.32,overcast clouds
299,Kaitangata,NZ,-46.2817,169.8464,57.49,81,95,6.62,overcast clouds
300,Mayo,US,38.8876,-76.5119,44.11,56,100,11.5,overcast clouds
301,Kunfeherto,HU,46.3609,19.4145,45.03,90,85,6.87,overcast clouds
302,Ovalle,CL,-30.5983,-71.2003,66.33,67,0,2.8,clear sky
303,Saint-Pierre,RE,-21.3393,55.4781,74.88,46,0,5.75,clear sky
304,Port Alberni,CA,49.2413,-124.8028,39.04,95,36,1.99,scattered clouds
305,Casablanca,MA,33.5928,-7.6192,61.02,88,18,9.55,few clouds
306,Tual,ID,-5.6667,132.75,83.75,72,100,5.17,overcast clouds
307,Vangaindrano,MG,-23.35,47.6,74.3,82,98,6.42,overcast clouds
308,Ballina,AU,-28.8667,153.5667,71.02,47,8,12.26,clear sky
309,Benjamin Constant,BR,-4.3831,-70.0311,73.53,99,81,2.33,broken clouds
310,Bria,CF,6.5423,21.9863,66.22,60,100,3.18,overcast clouds
311,Takoradi,GH,4.8845,-1.7554,77.34,83,62,6.42,light rain
312,Vardo,NO,70.3705,31.1107,37.38,44,49,10.36,scattered clouds
313,Champerico,GT,14.3,-91.9167,80.76,77,97,4.23,overcast clouds
314,Tokur,RU,53.1333,132.9,14.68,81,100,5.55,overcast clouds
315,Chalmette,US,29.9427,-89.9634,52.0,60,100,5.01,overcast clouds
316,Point Pleasant,US,40.0832,-74.0682,42.03,65,95,7.0,overcast clouds
317,Ust-Tsilma,RU,65.441,52.1498,-4.77,100,36,3.51,scattered clouds
318,Shingu,JP,33.7333,135.9833,63.93,45,80,3.33,broken clouds
319,Hami,CN,42.8,93.45,42.55,35,100,3.18,overcast clouds
320,Itarema,BR,-2.9248,-39.9167,78.01,74,7,12.71,clear sky
321,Gizo,SB,-8.103,156.8419,84.22,66,71,2.24,broken clouds
322,Airai,TL,-8.9266,125.4092,77.13,50,81,2.98,broken clouds
323,Tabou,CI,4.423,-7.3528,76.69,84,13,1.79,few clouds
324,Camana,PE,-16.6228,-72.7111,64.13,89,99,5.99,overcast clouds
325,Shakawe,BW,-18.3667,21.85,70.32,42,22,4.76,few clouds
326,Kochi,IN,9.9399,76.2602,82.38,72,98,3.6,overcast clouds
327,Novo Aripuana,BR,-5.1206,-60.3797,77.18,84,87,1.92,overcast clouds
328,Mumbwa,ZM,-14.9783,27.0619,65.53,80,5,1.72,clear sky
329,Altea,ES,38.5989,-0.0514,70.38,68,98,11.92,overcast clouds
330,Eirunepe,BR,-6.6603,-69.8736,71.51,98,87,2.53,very heavy rain
331,Tezu,IN,27.9167,96.1667,75.27,31,6,3.33,clear sky
332,Batticaloa,LK,7.7102,81.6924,79.74,69,75,12.15,broken clouds
333,Kununurra,AU,-15.7667,128.7333,93.18,52,21,9.22,few clouds
334,Paragominas,BR,-2.9667,-47.4833,74.59,85,63,1.81,broken clouds
335,Vila Do Maio,CV,15.1333,-23.2167,75.99,72,57,9.24,broken clouds
336,Bay Roberts,CA,47.5999,-53.2648,34.34,84,100,1.01,overcast clouds
337,Bosobolo,CD,4.1833,19.9,69.35,80,85,0.67,overcast clouds
338,Bosaso,SO,11.2842,49.1816,76.51,68,0,2.08,clear sky
339,Flinders,AU,-34.5833,150.8552,66.18,55,44,7.0,scattered clouds
340,Cefalu,IT,38.0386,14.0229,65.75,74,93,10.0,overcast clouds
341,Aklavik,CA,68.2191,-135.0107,8.2,78,83,2.98,broken clouds
342,San Quintin,MX,30.4833,-115.95,60.93,50,0,3.76,clear sky
343,Antofagasta,CL,-23.65,-70.4,61.88,87,38,2.01,scattered clouds
344,Nador,MA,35.174,-2.9287,66.45,82,0,8.05,clear sky
345,Yarmouth,US,41.7057,-70.2286,44.13,81,64,11.01,broken clouds
346,Port Elizabeth,ZA,-33.918,25.5701,63.32,80,0,9.22,clear sky
347,Wana,PK,32.2989,69.5725,53.31,24,0,3.71,clear sky
348,Garmsar,IR,35.2182,52.3409,56.89,47,73,1.99,broken clouds
349,Kayseri,TR,38.737,35.4968,28.42,100,15,5.75,fog
350,Henties Bay,NA,-22.116,14.2845,58.77,94,24,3.76,few clouds
351,Oron,NG,4.8256,8.2343,74.86,90,12,1.9,few clouds
352,Shache,CN,38.4167,77.2406,46.44,27,0,8.99,clear sky
353,Maumere,ID,-8.6199,122.2111,85.14,71,74,3.06,broken clouds
354,Phimai,TH,15.2232,102.4947,87.12,64,27,6.69,scattered clouds
355,Peniche,PT,39.3558,-9.3811,66.11,95,100,21.16,overcast clouds
356,Salazie,RE,-21.0273,55.539,71.22,63,6,9.22,clear sky
357,Usinsk,RU,65.9939,57.5281,-10.53,98,27,11.32,scattered clouds
358,Egvekinot,RU,66.3167,-179.1667,28.53,99,100,4.99,snow
359,Adrar,MR,20.5022,-10.0711,70.66,23,0,9.98,clear sky
360,Broome,US,42.2506,-75.833,36.14,84,100,9.22,overcast clouds
361,Teshie,GH,5.5836,-0.1072,79.36,89,40,5.75,scattered clouds
362,Caravelas,BR,-17.7125,-39.2481,72.01,96,100,2.84,light rain
363,Quatre Cocos,MU,-20.2078,57.7625,76.08,57,23,5.91,few clouds
364,Impfondo,CG,1.6381,18.0667,69.46,99,100,2.17,overcast clouds
365,Padang,ID,-0.9492,100.3543,75.25,77,100,4.61,moderate rain
366,Rawson,AR,-43.3002,-65.1023,59.85,53,14,15.23,few clouds
367,Praia Da Vitoria,PT,38.7333,-27.0667,62.76,73,31,17.96,scattered clouds
368,Verkhoshizhemye,RU,58.011,49.1038,14.2,94,47,5.44,scattered clouds
369,Komsomolskiy,UZ,40.4272,71.7189,38.12,87,9,4.61,clear sky
370,Antalaha,MG,-14.9003,50.2788,73.85,85,22,2.84,light rain
371,Alekseyevsk,RU,57.8406,108.3492,30.61,90,100,11.81,overcast clouds
372,Susangerd,IR,31.5608,48.1831,67.08,84,100,16.11,overcast clouds
373,Wattegama,LK,6.7989,81.4808,80.87,64,58,5.95,broken clouds
374,Virginia Beach,US,36.8529,-75.978,50.02,75,95,15.26,overcast clouds
375,Gabu,GW,12.2833,-14.2167,75.02,79,99,2.95,overcast clouds
376,Qaqortoq,GL,60.7167,-46.0333,6.08,90,15,4.74,few clouds
377,Adana,TR,36.985,35.2881,53.62,87,40,3.44,scattered clouds
378,Bubaque,GW,11.2833,-15.8333,82.89,71,100,6.31,overcast clouds
379,Fairbanks,US,64.8378,-147.7164,4.08,88,46,3.69,scattered clouds
380,Port Hardy,CA,50.6996,-127.4199,30.38,100,20,4.61,few clouds
381,Honningsvag,NO,70.9821,25.9704,42.55,70,100,5.75,overcast clouds
382,Biscarrosse,FR,44.3945,-1.1672,60.75,77,100,13.8,overcast clouds
383,Chelbasskaya,RU,45.9792,39.3719,51.01,90,100,13.13,light rain
384,Hilton Head Island,US,32.2163,-80.7526,52.99,89,100,1.99,overcast clouds
385,Nueva Loja,EC,0.0847,-76.8828,70.93,97,100,0.83,overcast clouds
386,Labuhan,ID,-6.8844,112.2051,87.96,62,97,3.83,overcast clouds
387,Amambai,BR,-23.1042,-55.2258,61.23,78,0,3.58,clear sky
388,Baykit,RU,61.67,96.37,-7.1,95,32,3.22,scattered clouds
389,Osypenko,UA,46.9136,36.8253,49.95,93,98,13.22,overcast clouds
390,Moussoro,TD,13.6408,16.4901,70.12,23,0,11.34,clear sky
391,Teya,RU,60.3778,92.6267,0.27,92,84,1.7,broken clouds
392,Kavaratti,IN,10.5669,72.642,82.04,71,84,4.23,broken clouds
393,Olinda,BR,-8.0089,-34.8553,76.96,82,24,7.2,few clouds
394,Ponta Delgada,PT,37.7333,-25.6667,62.51,82,40,12.66,scattered clouds
395,Salihli,TR,38.4826,28.1477,51.78,76,35,4.27,scattered clouds
396,Chincha Alta,PE,-13.4099,-76.1323,66.07,82,95,2.44,overcast clouds
397,Bairiki,KI,1.3292,172.9752,81.46,74,97,12.93,overcast clouds
398,Viperesti,RO,45.2333,26.4667,52.25,77,97,3.87,overcast clouds
399,Chitrakonda,IN,18.1167,82.0833,72.88,53,4,3.22,clear sky
400,Acari,PE,-15.4311,-74.6158,69.03,73,98,2.59,overcast clouds
401,Invermere,CA,50.5167,-116.0354,25.18,97,100,0.56,light snow
402,Valdivia,CL,-39.8142,-73.2459,51.98,93,100,1.14,overcast clouds
403,Sorland,NO,67.667,12.6934,44.46,54,34,10.49,scattered clouds
404,Mandal,IN,25.45,74.5667,70.79,27,0,0.16,clear sky
405,Opole,PL,50.5,18.0,37.4,97,100,6.87,overcast clouds
406,Turukhansk,RU,65.8167,87.9833,-37.07,100,94,2.77,overcast clouds
407,Robertsport,LR,6.7533,-11.3686,78.04,81,17,2.95,few clouds
408,Gardez,AF,33.5974,69.2259,36.97,41,0,2.73,clear sky
409,Holetown,BB,13.1867,-59.6381,80.47,79,65,17.38,broken clouds
410,Eregli,TR,37.5133,34.0467,42.3,63,45,1.16,scattered clouds
411,Seesen,DE,51.9,10.1833,44.65,93,100,1.01,overcast clouds
412,Chapleau,CA,47.8405,-83.4034,17.33,81,100,6.78,overcast clouds
413,Mantes-La-Ville,FR,48.9737,1.7025,54.88,78,92,22.73,overcast clouds
414,Hay River,CA,60.8156,-115.7999,8.15,89,84,7.2,broken clouds
415,Chunskiy,RU,56.0815,99.6342,31.44,72,96,7.43,overcast clouds
416,Bijie,CN,27.3125,105.2942,57.72,68,73,6.69,broken clouds
417,Talnakh,RU,69.4865,88.3972,-25.8,97,69,2.62,broken clouds
418,Guerrero Negro,MX,27.9769,-114.0611,65.07,40,0,4.41,clear sky
419,Ankara,TR,39.9199,32.8543,46.2,61,15,3.0,few clouds
420,Bowen,AU,-20.0167,148.2333,81.9,62,53,22.95,broken clouds
421,Moba,CN,33.2288,105.0179,42.69,79,100,6.31,overcast clouds
422,Zaoyang,CN,32.1272,112.7542,63.07,39,4,2.71,clear sky
423,Yerbogachen,RU,61.2767,108.0108,9.45,92,100,2.75,overcast clouds
424,Sao Filipe,CV,14.8961,-24.4956,76.75,70,76,5.5,broken clouds
425,La Joya,MX,18.6667,-99.4667,63.39,61,5,4.47,clear sky
426,Ouadda,CF,8.0777,22.4007,66.29,41,100,3.78,overcast clouds
427,Lorengau,PG,-2.0226,147.2712,85.3,58,100,8.68,overcast clouds
428,Jalu,LY,29.0331,21.5482,60.22,40,0,10.6,clear sky
429,Detva,SK,48.5608,19.4195,43.92,95,100,2.08,overcast clouds
430,Mutuipe,BR,-13.2286,-39.5047,69.84,97,99,1.36,overcast clouds
431,Iquique,CL,-20.2208,-70.1431,63.66,74,32,3.49,scattered clouds
432,Olga,RU,43.7444,135.2892,41.31,44,2,1.25,clear sky
433,Kawalu,ID,-7.3817,108.2082,84.25,70,66,1.68,broken clouds
434,Mattru,SL,7.6244,-11.8332,71.35,96,48,1.16,scattered clouds
435,Ibb,YE,13.9667,44.1833,60.37,46,5,3.69,clear sky
436,Ranong,TH,9.9658,98.6348,79.61,83,100,1.54,overcast clouds
437,Maceio,BR,-9.6658,-35.7353,74.64,94,40,3.44,scattered clouds
438,Asau,RO,46.4333,26.4,38.32,88,99,1.19,overcast clouds
439,Jizan,SA,17.3333,42.6667,79.29,68,3,4.52,clear sky
440,Balikpapan,ID,-1.2675,116.8289,81.59,89,40,0.0,moderate rain
441,Rabo De Peixe,PT,37.8,-25.5833,61.29,98,40,12.66,scattered clouds
442,Tigre,AR,-34.426,-58.5796,78.26,51,76,1.99,broken clouds
443,Key West,US,24.5557,-81.7826,84.2,74,0,5.75,clear sky
444,Puerto Ayacucho,VE,5.6639,-67.6236,75.18,94,100,2.57,overcast clouds
445,Ostrovnoy,RU,68.0531,39.5131,31.17,90,92,13.91,overcast clouds
446,Vyazemskiy,RU,47.5378,134.7525,34.12,57,79,7.56,broken clouds
447,Poum,NC,-20.2333,164.0167,80.35,75,100,4.07,overcast clouds
448,Buraydah,SA,26.326,43.975,67.21,33,86,4.97,overcast clouds
449,Haines Junction,CA,60.7522,-137.5108,10.8,99,79,1.14,broken clouds
450,Muros,ES,42.7762,-9.0603,61.09,81,99,17.11,overcast clouds
451,Kilindoni,TZ,-7.9139,39.6668,79.74,71,72,8.14,broken clouds
452,Saint-Paul,RE,-21.0096,55.2707,77.09,61,1,1.68,clear sky
453,Carson City,US,39.1638,-119.7674,35.64,73,0,0.0,clear sky
454,Chapais,CA,49.7834,-74.8492,19.99,95,100,4.56,light snow
455,Menzelinsk,RU,55.7271,53.1026,15.6,95,38,6.73,scattered clouds
456,Catamarca,AR,-28.4696,-65.7852,86.07,31,41,18.14,scattered clouds
457,Pascagoula,US,30.3658,-88.5561,48.25,91,100,9.98,overcast clouds
458,Clyde River,CA,70.4692,-68.5914,-5.4,93,99,9.93,overcast clouds
459,Iwanai,JP,42.9744,140.5089,41.2,70,99,6.49,light rain
460,Grindavik,IS,63.8424,-22.4338,46.87,87,75,18.41,broken clouds
461,Gryazi,RU,52.4966,39.9359,27.28,91,100,8.37,overcast clouds
462,Southwick,US,42.0548,-72.7704,38.62,90,0,4.61,clear sky
463,Lavumisa,SZ,-27.31,31.892,71.28,86,76,1.54,broken clouds
464,Sungaipenuh,ID,-2.0833,101.3833,70.59,77,100,5.23,overcast clouds
465,Melo,UY,-32.3667,-54.1833,60.46,76,2,6.33,clear sky
466,Merauke,ID,-8.4667,140.3333,83.57,73,100,1.92,light rain
467,Saky,UA,45.1356,33.6031,53.58,89,42,11.41,scattered clouds
468,Saurimo,AO,-9.6608,20.3916,61.66,99,100,2.53,overcast clouds
469,Goryachegorsk,RU,55.4053,88.9154,21.04,79,67,12.86,broken clouds
470,Teguldet,RU,57.3064,88.1667,23.13,92,99,8.25,light snow
471,Corvallis,US,44.5646,-123.262,44.08,83,6,2.42,clear sky
472,Richards Bay,ZA,-28.783,32.0377,70.77,91,98,6.46,overcast clouds
473,Bien Hoa,VN,10.95,106.8167,89.58,64,68,1.48,broken clouds
474,Pangai,TO,-19.8,-174.35,79.11,68,4,2.57,clear sky
475,Contamana,PE,-7.3333,-75.0167,68.41,98,98,1.36,overcast clouds
476,Tapes,BR,-30.6733,-51.3958,65.23,53,0,3.15,clear sky
477,Selfoss,IS,63.9331,-20.9971,44.04,79,97,17.0,overcast clouds
478,Ati,TD,13.2154,18.3353,70.83,23,0,8.5,clear sky
479,Sri Aman,MY,1.2376,111.4621,84.38,83,97,1.72,overcast clouds
480,Paso De Patria,AR,-27.2454,-58.5454,71.65,57,0,5.1,clear sky
481,Sabha,LY,27.0377,14.4283,59.02,36,2,6.8,clear sky
482,Mondorf-Les-Bains,LU,49.505,6.2811,52.34,93,75,16.11,broken clouds
483,Kaspiyskiy,RU,45.3929,47.3707,47.68,88,100,13.87,overcast clouds
484,Mata,PT,40.683,-7.4592,60.93,97,100,15.61,overcast clouds
485,Ojinaga,MX,29.5667,-104.4167,49.15,46,0,12.66,clear sky
486,La Ronge,CA,55.1001,-105.2842,13.91,91,100,17.45,light snow
487,Asheville,US,35.6009,-82.554,36.95,68,41,5.01,scattered clouds
488,Svetlyy,RU,54.675,20.1347,33.85,80,8,11.14,clear sky
489,Dalnerechensk,RU,45.9339,133.7225,32.0,70,6,4.68,clear sky
490,Goderich,CA,43.7501,-81.7165,35.91,78,100,13.29,snow
491,Consett,GB,54.854,-1.8316,48.36,88,100,12.93,overcast clouds
492,Turbat,PK,26.0023,63.044,77.9,23,0,8.12,clear sky
493,Kalachinsk,RU,55.0529,74.5751,11.88,89,100,8.7,overcast clouds
494,Brae,GB,60.3964,-1.353,47.5,79,100,39.24,overcast clouds
495,Asekeyevo,RU,53.5742,52.7972,23.88,96,100,6.89,overcast clouds
496,Gat,IL,31.61,34.7642,63.39,100,34,7.49,scattered clouds
497,Russell,US,32.3502,-85.1999,45.19,52,100,7.74,overcast clouds
498,Bar Harbor,US,44.3876,-68.2039,33.94,87,100,14.0,overcast clouds
499,Sakakah,SA,29.9697,40.2064,62.58,58,100,6.13,overcast clouds
500,Missoula,US,47.0166,-113.8009,18.0,89,100,2.75,snow
501,Ca Mau,VN,9.1769,105.15,87.66,64,65,11.41,broken clouds
502,El Carmen,CO,8.5106,-73.4478,67.95,98,100,3.96,overcast clouds
503,Ulagan,RU,50.6321,87.9563,22.21,68,77,3.29,broken clouds
504,Bose,IT,45.4612,8.0137,45.16,96,100,2.08,overcast clouds
505,Bam,IR,29.106,58.357,65.01,33,10,3.11,clear sky
506,Lukaya,UG,-0.1489,31.8748,62.78,93,84,4.36,light rain
507,Pangnirtung,CA,66.1451,-65.7125,-2.18,83,71,3.33,broken clouds
508,Madang,PG,-5.2246,145.7966,86.74,65,100,8.5,overcast clouds
509,Aquiraz,BR,-3.9014,-38.3911,80.69,74,30,10.27,scattered clouds
510,Santa Marta,CO,11.2408,-74.199,79.32,85,100,10.89,light rain
511,Polunochnoye,RU,60.8697,60.4153,-15.21,96,23,2.68,few clouds
512,Sabang,ID,5.8933,95.3214,81.91,74,100,18.92,overcast clouds
513,Lazurne,UA,46.084,32.5295,49.08,77,33,5.55,scattered clouds
514,Broken Hill,AU,-31.95,141.4333,66.85,29,0,7.83,clear sky
515,Ola,RU,59.5833,151.2833,5.14,92,100,7.74,light snow
516,Takanabe,JP,32.1333,131.5,64.56,49,100,1.77,overcast clouds
517,Tiznit,MA,29.5833,-9.5,60.55,32,19,2.21,few clouds
518,Petropavlovsk-Kamchatskiy,RU,53.0452,158.6483,25.39,54,0,4.47,clear sky
519,Hualmay,PE,-11.0964,-77.6139,63.88,87,100,8.88,overcast clouds
520,Buta,CD,2.7858,24.73,69.78,98,100,2.51,overcast clouds
521,Dongying,CN,37.4564,118.4856,62.64,28,0,4.29,clear sky
522,Samana,DO,19.2056,-69.3369,76.96,81,11,7.78,few clouds
523,Paita,PE,-5.0892,-81.1144,64.58,85,91,12.64,overcast clouds
524,Vigrestad,NO,58.5667,5.7,44.28,74,90,33.17,overcast clouds
525,Half Moon Bay,US,37.4636,-122.4286,59.86,44,40,0.0,scattered clouds
526,Florianopolis,BR,-27.6146,-48.5012,63.63,72,0,9.22,clear sky
527,Bolivar,US,37.6145,-93.4105,26.91,73,1,6.64,clear sky
528,Tulun,RU,54.5611,100.5792,29.93,63,100,2.24,overcast clouds
529,Krasnoselkup,RU,65.7,82.4667,-22.36,100,50,4.03,scattered clouds
530,Shelburne,CA,44.0787,-80.2041,26.29,95,84,5.99,broken clouds
531,Ucluelet,CA,48.9329,-125.5528,45.45,67,5,2.95,clear sky
532,Formosa,AR,-26.1775,-58.1781,65.21,64,0,2.95,clear sky
533,Korla,CN,41.7597,86.1469,41.68,41,100,6.4,overcast clouds
534,Collie,AU,-33.3667,116.15,63.52,49,86,13.09,overcast clouds
535,Bogorodskoye,RU,56.55,37.8833,25.25,94,100,1.79,overcast clouds
536,Nhulunbuy,AU,-12.2333,136.7667,83.01,65,75,5.75,broken clouds
537,Sobolevo,RU,54.4299,31.8996,23.94,81,8,5.86,clear sky
538,Chaman,PK,30.9236,66.4512,54.5,31,0,1.34,clear sky
539,Sunland Park,US,31.7965,-106.58,42.49,52,0,10.0,clear sky
540,Nantucket,US,41.2835,-70.0995,43.14,81,41,26.37,scattered clouds
541,Pochutla,MX,15.7432,-96.4661,76.82,74,100,3.33,overcast clouds
542,Kenai,US,60.5544,-151.2583,32.14,74,0,9.22,clear sky
543,Wilmington,US,34.2257,-77.9447,50.92,91,0,4.61,clear sky
544,Okato,NZ,-39.2,173.8833,66.18,94,90,11.99,light rain
545,Qasigiannguit,GL,68.8193,-51.1922,17.85,91,100,4.12,overcast clouds
546,Evensk,RU,61.95,159.2333,-0.13,88,85,8.32,overcast clouds
547,La Romana,DO,18.4273,-68.9728,74.48,89,31,9.13,scattered clouds
548,Conde,BR,-7.2597,-34.9075,74.66,88,20,3.44,few clouds
549,Hambantota,LK,6.1241,81.1185,80.94,94,20,4.61,few clouds
550,Norman Wells,CA,65.282,-126.8329,13.5,86,100,4.61,overcast clouds
551,Mortka,RU,59.3322,66.0214,-13.07,97,26,1.48,scattered clouds
552,Aykhal,RU,66.0,111.5,-17.16,100,100,4.36,overcast clouds
553,Zhaodong,CN,46.0833,125.9833,40.06,49,17,11.43,few clouds
554,Sosnovka,RU,56.255,51.2842,18.07,94,100,5.7,overcast clouds
555,Ngama,TD,11.7833,17.1667,70.32,27,4,7.94,clear sky
556,Lavrentiya,RU,65.5833,-171.0,33.35,97,100,12.48,overcast clouds
557,Tignere,CM,7.3667,12.65,64.38,48,58,0.89,broken clouds
558,Assiniboia,CA,49.6334,-105.9845,14.23,91,100,19.46,light snow
559,Suyo,PH,16.9762,120.5254,89.47,46,9,5.82,clear sky
560,Lamu,KE,-2.2717,40.902,77.22,84,100,2.66,moderate rain
561,West Plains,US,36.7281,-91.8524,28.09,65,0,5.75,clear sky
562,Pokosnoye,RU,55.5258,101.0536,30.88,70,99,8.05,overcast clouds
563,Cap Malheureux,MU,-19.9842,57.6142,76.46,55,30,5.01,scattered clouds
564,Koulamoutou,GA,-1.1303,12.4736,69.01,99,100,1.12,overcast clouds
565,Bodh Gaya,IN,24.7,84.9833,75.58,42,0,4.83,clear sky
566,Salinas,US,36.6777,-121.6555,55.81,43,0,9.22,clear sky
567,Nanortalik,GL,60.1432,-45.2371,18.77,76,26,21.0,scattered clouds
568,Hurth,DE,50.8708,6.8676,52.56,87,75,17.27,broken clouds
569,Narsaq,GL,60.9167,-46.05,21.42,89,39,5.28,scattered clouds
570,Cosala,MX,24.4125,-106.6908,63.5,70,3,3.24,clear sky
571,Japura,ID,-0.3167,102.35,86.7,58,100,5.77,overcast clouds
572,Mongoumba,CF,3.6415,18.5936,69.49,87,85,3.04,overcast clouds
573,Dunedin,NZ,-45.8742,170.5036,55.8,99,100,6.24,overcast clouds
574,Pringsewu,ID,-5.3582,104.9744,80.38,82,97,4.85,overcast clouds
575,Marawi,PH,7.9986,124.2928,72.81,84,100,3.65,overcast clouds
576,Takaungu,KE,-3.6837,39.8566,75.96,87,96,2.1,moderate rain
577,Vredendal,ZA,-31.6683,18.5012,53.74,82,62,0.6,broken clouds
578,Kaz,RU,52.9113,87.3105,24.13,84,100,14.41,light snow
579,Umm Lajj,SA,25.0213,37.2685,74.03,55,100,9.84,overcast clouds
580,Hammerfest,NO,70.6634,23.6821,39.65,52,0,2.3,clear sky
581,Almaznyy,RU,48.0448,40.045,38.43,95,100,10.09,light rain
582,Enid,US,36.3956,-97.8784,31.3,79,0,0.0,clear sky
583,Igarka,RU,67.4667,86.5833,-31.49,100,12,4.52,few clouds
584,Vershino-Shakhtaminskiy,RU,51.3012,117.8868,24.22,77,100,8.99,overcast clouds
585,Escanaba,US,45.7453,-87.0646,30.51,93,100,3.62,overcast clouds
586,Llangefni,GB,53.2556,-4.3106,50.65,93,100,9.22,overcast clouds
587,Helong,CN,42.5397,128.9972,47.64,37,58,3.18,broken clouds
588,Portland,US,45.5234,-122.6762,40.03,70,0,13.0,clear sky
589,Souris,CA,49.6172,-100.2612,21.74,87,100,16.98,overcast clouds
590,Kiama,AU,-34.6833,150.8667,66.38,55,31,15.84,scattered clouds
591,Mpulungu,ZM,-8.7623,31.1141,73.27,75,97,3.13,overcast clouds
592,Mbandaka,CD,0.0487,18.2603,69.19,98,100,2.21,light rain
593,Lakhtar,IN,22.85,71.7833,79.23,22,0,9.42,clear sky
594,Manaure,CO,11.7751,-72.4445,79.95,85,100,13.06,overcast clouds
595,North Platte,US,41.1239,-100.7654,33.69,73,100,4.61,overcast clouds
596,Los Llanos De Aridane,ES,28.6585,-17.9182,67.12,28,0,11.01,clear sky
597,Eyl,SO,7.9803,49.8164,78.12,71,20,12.48,few clouds
598,Papara,BR,-3.9839,-38.7273,79.2,75,42,4.97,scattered clouds
599,Lhokseumawe,ID,5.1801,97.1507,83.73,73,100,4.65,overcast clouds
600,Okha,RU,53.5739,142.9478,22.95,77,14,8.41,few clouds
601,Nyurba,RU,63.2842,118.3319,5.32,92,100,3.96,overcast clouds
602,Xinzhou,CN,38.4092,112.7333,50.76,36,0,2.1,clear sky
603,Morehead,US,37.2711,-87.1764,30.99,65,0,3.44,clear sky
604,Dalbandin,PK,28.8947,64.4101,60.17,23,0,6.51,clear sky
605,Malakal,SS,9.5334,31.6605,72.25,37,9,4.7,clear sky
606,Dudinka,RU,69.4058,86.1778,-25.38,100,91,3.8,overcast clouds
607,Saint-Augustin,CA,51.226,-58.6502,24.3,86,100,3.09,overcast clouds
608,Mgandu,TZ,-5.95,34.1333,65.79,67,80,3.44,broken clouds
609,Tamandare,BR,-8.7597,-35.1047,75.7,86,30,4.56,scattered clouds
610,Zonguldak,TR,41.25,31.8333,43.09,60,61,5.44,broken clouds
611,Kemijarvi,FI,66.7131,27.4306,16.21,95,68,1.07,broken clouds
612,Monywa,MM,22.1167,95.1333,78.42,56,0,8.72,clear sky
613,Rio Grande,BR,-32.035,-52.0986,66.4,69,0,6.58,clear sky
614,Scarborough,GB,54.2797,-0.4044,49.78,92,100,8.99,moderate rain
615,Ulladulla,AU,-35.35,150.4667,61.84,56,9,13.56,clear sky
616,Nkhata Bay,MW,-11.6066,34.2907,74.26,75,7,3.62,light rain
617,Palauig,PH,15.435,119.9045,86.47,63,88,4.05,overcast clouds
618,Kuminskiy,RU,58.6667,66.5667,-14.64,97,21,2.91,few clouds
619,Mercedes,AR,-34.6515,-59.4307,74.79,41,82,9.06,broken clouds
620,Ariquemes,BR,-9.9133,-63.0408,71.82,94,89,1.05,overcast clouds
621,Afogados Da Ingazeira,BR,-7.7508,-37.6392,74.01,66,20,7.43,few clouds
622,Liverpool,GB,53.4106,-2.9779,48.15,96,100,9.22,light rain
623,Buenaventura,CO,3.8801,-77.0312,74.46,98,100,2.24,heavy intensity rain
624,Saint-Denis,FR,48.9167,2.3333,55.18,83,75,21.85,light rain
625,Sirpur,IN,19.4833,79.6,72.39,49,24,4.21,few clouds
626,Omboue,GA,-1.5746,9.2618,74.59,90,91,8.46,moderate rain
627,Urumqi,CN,43.801,87.6005,29.35,100,100,4.47,fog
628,Hoorn,NL,52.6431,5.0578,52.93,92,100,27.76,overcast clouds
629,Upata,VE,8.0086,-62.3989,70.16,96,100,3.42,overcast clouds
630,Brodokalmak,RU,55.5748,62.082,5.9,98,29,3.38,scattered clouds
631,Rupert,US,42.6191,-113.6772,19.35,93,40,4.61,scattered clouds
632,Champasak,LA,14.75,106.0,92.44,47,4,1.39,clear sky
633,Rengasdengklok,ID,-6.1592,107.2981,77.13,90,100,1.1,light rain
634,Svetlaya,RU,46.5389,138.3297,35.06,51,7,3.8,clear sky
635,Tabuk,PH,17.4189,121.4443,84.92,63,42,2.51,scattered clouds
636,Santa Eulalia,PE,-11.85,-76.6833,36.0,64,100,0.81,overcast clouds
637,Penzance,GB,50.1186,-5.5371,48.88,75,40,17.07,scattered clouds
638,Road Town,VG,18.4167,-64.6167,78.89,73,1,16.31,clear sky
639,Puerto Baquerizo Moreno,EC,-0.9,-89.6,70.57,79,100,9.53,overcast clouds
640,Lazaro Cardenas,MX,17.9583,-102.2,76.53,87,0,2.73,clear sky
641,Palana,RU,59.1167,159.9667,20.48,91,100,13.62,light snow
642,Inzer,RU,54.2167,57.5556,11.05,97,67,2.84,broken clouds
643,Buchanan,LR,5.8808,-10.0467,75.97,88,27,1.9,scattered clouds
644,Bedesa,ET,8.9,40.7833,59.92,43,4,1.92,clear sky
645,Powassan,CA,46.0334,-79.3496,23.0,76,96,3.29,overcast clouds
646,Honiara,SB,-9.4333,159.95,84.0,75,68,1.07,light rain
647,Ambilobe,MG,-13.2,49.05,76.8,77,99,3.0,overcast clouds
648,Dzilam Gonzalez,MX,21.2833,-88.9333,73.74,91,33,4.83,scattered clouds
649,Ossora,RU,59.2353,163.0719,17.28,80,2,6.26,clear sky
650,Setermoen,NO,68.861,18.3486,30.43,40,13,7.81,few clouds
651,Benjamin Aceval,PY,-24.9667,-57.5667,64.54,69,0,3.47,clear sky
652,Iskilip,TR,40.7353,34.4739,41.7,66,7,3.74,clear sky
653,Omsukchan,RU,62.5333,155.8,-24.2,93,13,3.06,few clouds
654,Irinjalakuda,IN,10.3333,76.2333,82.29,67,64,2.37,broken clouds
655,Pocatello,US,42.8713,-112.4455,21.11,89,100,4.61,mist
656,Lulea,SE,65.5842,22.1547,8.67,92,53,3.44,broken clouds
657,Touros,BR,-5.1989,-35.4608,77.85,72,4,11.3,clear sky
658,Choix,MX,26.7092,-108.3219,63.55,60,4,2.89,clear sky
659,Sola,VU,-13.8833,167.55,82.69,70,15,6.64,few clouds
660,Atar,MR,20.5169,-13.0499,74.14,23,0,9.28,clear sky
661,Syracuse,IT,37.0881,15.2792,60.17,71,57,11.81,broken clouds
662,Shimoda,JP,34.6667,138.95,60.1,55,99,7.14,overcast clouds
663,Golpayegan,IR,33.4537,50.2884,48.94,75,100,4.97,light rain
664,Homer,US,59.6425,-151.5483,44.76,86,100,8.01,overcast clouds
665,Mchinji,MW,-13.7984,32.8802,67.53,72,7,3.06,clear sky
666,Sorong,ID,-0.8833,131.25,84.22,73,39,6.71,scattered clouds
667,Arman,RU,59.7,150.1667,5.02,87,100,7.78,overcast clouds
668,Yarensk,RU,62.1675,49.0916,9.3,95,7,2.77,clear sky
669,Sidi Ali,DZ,36.0998,0.4206,64.08,85,96,21.99,overcast clouds
670,Bilibino,RU,68.0546,166.4372,-9.76,100,93,1.54,overcast clouds
671,Guajara,BR,-2.9667,-57.6667,79.7,66,73,1.99,broken clouds
672,Minab,IR,27.1467,57.0801,78.21,60,5,0.56,clear sky
673,Grootfontein,NA,-19.5667,18.1167,71.15,55,92,4.88,overcast clouds
674,Maple Creek,CA,49.9168,-109.4848,15.89,94,100,19.66,light snow
675,Gorontalo,ID,0.5412,123.0595,84.38,74,100,2.82,overcast clouds
676,Rocha,UY,-34.4833,-54.3333,58.89,80,16,8.34,few clouds
677,San Pedro,PH,14.35,121.0167,90.32,70,40,6.91,scattered clouds
678,Uige,AO,-7.6087,15.0613,63.68,92,100,1.25,overcast clouds
679,Embonas,GR,36.2269,27.8564,55.53,76,5,8.05,clear sky
680,Storm Lake,US,42.6411,-95.2097,21.42,79,100,12.66,overcast clouds
681,Sayyan,YE,15.1718,44.3244,52.12,40,5,3.62,clear sky
682,Teknaf,BD,20.8624,92.3058,80.01,49,0,4.21,clear sky
683,Itapora,BR,-22.0799,-54.7874,63.9,72,0,5.64,clear sky
684,Khandyga,RU,62.6667,135.6,-26.37,91,20,1.3,few clouds
685,Viedma,AR,-40.8135,-62.9967,56.93,64,0,11.99,clear sky
686,Yelizovo,RU,53.1873,158.3805,26.74,53,0,4.47,clear sky
687,Kaoma,ZM,-14.7833,24.8,62.24,93,5,1.92,clear sky
688,Port Keats,AU,-14.25,129.55,85.44,66,63,7.31,broken clouds
689,Berdigestyakh,RU,62.0989,126.6992,-10.28,88,93,8.5,overcast clouds
690,Pecos,US,31.4229,-103.4932,44.31,39,75,4.61,broken clouds
691,Elesbao Veloso,BR,-6.2019,-42.1403,77.11,48,43,2.19,scattered clouds
692,Nouakchott,MR,18.0858,-15.9785,80.64,47,63,7.96,broken clouds
693,Tsubame,JP,37.65,138.9333,54.84,66,97,3.91,overcast clouds
694,Batsfjord,NO,70.6345,29.7185,38.98,44,16,9.22,few clouds
695,Raul Soares,BR,-20.1022,-42.4519,68.49,95,100,1.23,light rain
696,Brejinho,BR,-6.1908,-35.3567,76.3,84,59,5.61,broken clouds
697,Labytnangi,RU,66.6572,66.4183,5.11,88,48,7.78,scattered clouds
698,North Battleford,CA,52.7834,-108.2847,15.4,79,100,18.41,haze
699,Gambela,ET,8.25,34.5833,70.93,69,8,3.71,clear sky
700,Sarandi,BR,-23.4436,-51.8739,62.96,69,0,4.99,clear sky
701,Mount Isa,AU,-20.7333,139.5,89.37,18,58,14.97,broken clouds
702,Kabare,CD,-2.4683,28.8242,61.09,98,100,0.27,light rain
703,Torrington,US,41.8007,-73.1212,38.7,89,91,1.99,overcast clouds
704,Emborion,GR,40.4833,21.55,51.3,90,100,6.04,overcast clouds
705,Ugoofaaru,MV,5.6667,73.0,81.54,75,98,9.86,overcast clouds
706,Camiri,BO,-20.05,-63.5167,69.15,54,100,1.34,overcast clouds
707,Storforshei,NO,66.4043,14.5233,34.32,30,10,5.1,clear sky
708,Sinnamary,GF,5.3833,-52.95,77.81,86,100,7.45,overcast clouds
709,Nelson Bay,AU,-32.7167,152.15,68.05,57,5,10.0,clear sky
